{
  "test": {
    "accuracy": 0.8409475465313029,
    "precision": 0.8412749343389382,
    "recall": 0.8409475465313029,
    "f1": 0.8408700693481879
  },
  "train": {
    "accuracy": 0.9297668858338315,
    "precision": 0.9302395596005145,
    "recall": 0.9297668858338315,
    "f1": 0.9297328889787103
  }
}