{
  "train_accuracy": 0.9473998804542738,
  "train_precision": 0.9483477236299875,
  "train_recall": 0.9473998804542738,
  "train_f1": 0.9473573196587235,
  "test_accuracy": 0.8104906937394247,
  "test_precision": 0.8185637909535298,
  "test_recall": 0.8104906937394247,
  "test_f1": 0.8090457958357697
}